{"cameraMode":{"drawMode":0,"name":"Shaded","section":"Shading Mode"},"sceneLighting":false,"audioPlay":false,"sceneViewState":{"showFog":true,"showMaterialUpdate":false,"showSkybox":false,"showFlares":true,"showImageEffects":true,"showParticleSystems":true},"in2DMode":false,"pivot":{"x":28.529815673828126,"y":15.293449401855469,"z":-1.669921875},"rotation":{"x":-0.0014998916303738952,"y":0.011999699287116528,"z":-0.000017999565898207948,"w":-0.9999269247055054},"size":15.570770263671875,"orthographic":true}