{"cameraMode":{"drawMode":0,"name":"Shaded","section":"Shading Mode"},"sceneLighting":false,"audioPlay":false,"sceneViewState":{"showFog":true,"showMaterialUpdate":false,"showSkybox":false,"showFlares":true,"showImageEffects":true,"showParticleSystems":true},"in2DMode":false,"pivot":{"x":-7.716762542724609,"y":-3.7551474571228029,"z":4.410594940185547},"rotation":{"x":-0.0014998916303738952,"y":0.011999699287116528,"z":-0.000017999565898207948,"w":-0.9999269247055054},"size":4.399470329284668,"orthographic":true}