{"cameraMode":{"drawMode":0,"name":"Shaded","section":"Shading Mode"},"sceneLighting":false,"audioPlay":false,"sceneViewState":{"showFog":true,"showMaterialUpdate":false,"showSkybox":false,"showFlares":true,"showImageEffects":true,"showParticleSystems":true},"in2DMode":false,"pivot":{"x":5.641551494598389,"y":-2.2176196575164797,"z":-0.3081534206867218},"rotation":{"x":-0.0014998916303738952,"y":0.011999699287116528,"z":-0.000017999565898207948,"w":-0.9999269247055054},"size":22.0,"orthographic":true}