{"cameraMode":{"drawMode":0,"name":"Shaded","section":"Shading Mode"},"sceneLighting":false,"audioPlay":false,"sceneViewState":{"showFog":true,"showMaterialUpdate":false,"showSkybox":false,"showFlares":true,"showImageEffects":true,"showParticleSystems":true},"in2DMode":false,"pivot":{"x":2.67999267578125,"y":1.5200042724609376,"z":11.03695011138916},"rotation":{"x":0.0014999170089140535,"y":0.010499795898795128,"z":0.00001574971065565478,"w":-0.9999437928199768},"size":933.3809814453125,"orthographic":true}