{"cameraMode":{"drawMode":0,"name":"Shaded","section":"Shading Mode"},"sceneLighting":false,"audioPlay":false,"sceneViewState":{"showFog":true,"showMaterialUpdate":false,"showSkybox":false,"showFlares":true,"showImageEffects":true,"showParticleSystems":true},"in2DMode":false,"pivot":{"x":3.9900219440460207,"y":49.26478576660156,"z":1.0475085973739625},"rotation":{"x":0.0014999170089140535,"y":0.010499795898795128,"z":0.00001574971065565478,"w":-0.9999437928199768},"size":222.37786865234376,"orthographic":true}