{"cameraMode":{"drawMode":0,"name":"Shaded","section":"Shading Mode"},"sceneLighting":false,"audioPlay":false,"sceneViewState":{"showFog":true,"showMaterialUpdate":false,"showSkybox":false,"showFlares":true,"showImageEffects":true,"showParticleSystems":true},"in2DMode":false,"pivot":{"x":5.2610015869140629,"y":0.78369140625,"z":0.16088387370109559},"rotation":{"x":-0.10031184554100037,"y":-0.019400374963879586,"z":0.0019563299138098957,"w":-0.9947649836540222},"size":10.398855209350586,"orthographic":true}