{"cameraMode":{"drawMode":0,"name":"Shaded","section":"Shading Mode"},"sceneLighting":false,"audioPlay":false,"sceneViewState":{"showFog":true,"showMaterialUpdate":false,"showSkybox":false,"showFlares":true,"showImageEffects":true,"showParticleSystems":true},"in2DMode":false,"pivot":{"x":23.06999969482422,"y":16.339996337890626,"z":0.0},"rotation":{"x":0.0014999170089140535,"y":0.010499795898795128,"z":0.00001574971065565478,"w":-0.9999437928199768},"size":466.6905822753906,"orthographic":true}